Model,Batch,Backend,Kernel Count,Total GPU Time (ms),DRAM Throughput (% peak),DRAM Bandwidth (GB/s),Shared Mem Util (% peak),SM Occupancy (% peak),Tensor Core Util (% peak),FMA Util (% peak),Tensor Core Insts,FMA Insts,ALU Insts
maxformer_10_512,16,sengine,77,15.350,32.6102,320.5294,17.9492,23.5375,27.3392,6.4388,8534166.7783,37080095.5648,30007613.6122
maxformer_10_512,16,trt,489,21.398,62.7217,615.9334,10.9465,57.9034,19.3383,6.8527,4056068.2955,8202548.0668,9603033.1915
maxformer_10_512,32,sengine,98,37.409,37.4127,367.7790,17.4005,22.7014,22.2992,5.7209,14219508.3862,63902271.7298,50275314.4775
maxformer_10_512,32,trt,507,49.382,75.7804,744.6746,8.7054,60.6839,16.9105,6.0881,5271607.2562,15926664.1665,18545576.3476
sew_resnet101,16,sengine,107,14.717,40.7870,400.8662,17.8278,14.0276,25.4590,2.8295,3955703.2207,13313439.8745,14997156.7633
sew_resnet101,16,trt,805,27.895,68.3482,671.0140,7.4723,62.2098,12.3043,4.9209,738898.5601,4047893.0090,4699806.6858
sew_resnet101,32,sengine,107,25.197,40.1462,394.6357,20.9119,18.7938,29.0703,3.5615,7416039.5078,25138550.4589,33148861.2625
sew_resnet101,32,trt,914,49.921,73.6937,723.9725,8.7713,61.8160,13.6500,5.7281,1501304.2636,8200978.3082,9332567.6224
spikingresformer_m,16,sengine,56,18.489,40.8979,402.0278,21.8566,38.1052,27.1520,3.4787,14727531.9502,20578745.6979,28328598.7018
spikingresformer_m,16,trt,307,24.326,76.1239,747.9824,9.0337,59.1189,19.9142,5.9357,3602146.3384,11364123.9345,12614338.4078
spikingresformer_m,32,sengine,58,36.634,45.2539,444.8918,20.2206,39.0830,27.3716,3.3274,29359414.6824,33983514.0783,54735182.4834
spikingresformer_m,32,trt,299,53.029,81.1356,797.5042,8.0581,61.2754,18.3820,6.7776,6429944.7366,30832730.1350,27278754.8868
spikformer_4_512,2,sengine,61,30.493,48.2163,474.0283,17.1609,32.5019,21.6745,3.3837,17290158.0751,27038017.9640,33003057.3705
spikformer_4_512,2,trt,206,26.382,74.3637,730.8672,11.9885,33.4336,25.1814,2.7127,14996622.8583,9858063.7816,33766201.7545
spikformer_4_512,4,sengine,61,60.212,51.2906,504.2706,16.8669,32.6329,21.9603,3.3928,34535520.7613,51650901.2542,59276892.9776
spikformer_4_512,4,trt,210,53.075,80.3364,789.7129,14.3863,36.4120,29.0950,3.2776,37300928.9981,23227453.6979,84086574.8381
